Driver,Overall (2017–2023),Pre-crisis (2017–2019),COVID (2020–2021),Post-crisis (2022–2023)
Corruption (Clean),0.042283088724525686,-0.5464561777138963,0.5334474278818485,0.3691072663755644
Freedom Of Choice,0.5852539811334112,0.5206106219520306,0.6080800151096277,0.5959395791520761
Gdp Per Capita,0.6885572394936321,0.8091231745739994,0.7809571596959488,0.37170724881435724
Generosity,0.09147886096759288,0.18580108517720714,0.004106029229201817,0.06110899422466158
Healthy Life Expectancy,0.3859495328439204,0.7769733695091725,0.7704954793492077,0.07715082494697388
Social Support,0.7967901253857829,0.7682343756811737,0.7777346960372804,0.8280064815652621
