,Happiness Score,Gdp Per Capita,Social Support,Freedom Of Choice,Generosity,Healthy Life Expectancy,Corruption (Clean)
Happiness Score,1.0,0.7809571596959488,0.7777346960372804,0.6080800151096277,0.004106029229201817,0.7704954793492077,0.5334474278818485
Gdp Per Capita,0.7809571596959488,1.0,0.7925410455408908,0.41416646067327767,-0.20851868036658683,0.867293487309593,0.4118755205855283
Social Support,0.7777346960372804,0.7925410455408908,1.0,0.4984305251004178,-0.07863325536902412,0.7633630162228364,0.323199916001524
Freedom Of Choice,0.6080800151096277,0.41416646067327767,0.4984305251004178,1.0,0.18310218145240637,0.44796059867486543,0.4534000577701371
Generosity,0.004106029229201817,-0.20851868036658683,-0.07863325536902412,0.18310218145240637,1.0,-0.197604374568418,0.1831101307316762
Healthy Life Expectancy,0.7704954793492077,0.867293487309593,0.7633630162228364,0.44796059867486543,-0.197604374568418,1.0,0.4011602911696362
Corruption (Clean),0.5334474278818485,0.4118755205855283,0.323199916001524,0.4534000577701371,0.1831101307316762,0.4011602911696362,1.0
