,Happiness Score,Gdp Per Capita,Social Support,Freedom Of Choice,Generosity,Healthy Life Expectancy,Corruption (Clean)
Happiness Score,1.0,0.6885572394936321,0.7967901253857829,0.5852539811334112,0.09147886096759288,0.3859495328439204,0.042283088724525686
Gdp Per Capita,0.6885572394936321,1.0,0.5750840881606719,0.3601797932170294,-0.04800366968517384,0.7962750540783174,-0.39570323424987575
Social Support,0.7967901253857829,0.5750840881606719,1.0,0.4503858179910163,0.04189554120329541,0.2678107014812985,0.15511978112221825
Freedom Of Choice,0.5852539811334112,0.3601797932170294,0.4503858179910163,1.0,0.30167293407155804,0.22319143248673684,-0.09027843512903229
Generosity,0.09147886096759288,-0.04800366968517384,0.04189554120329541,0.30167293407155804,1.0,0.016765140746026037,-0.18923336298607496
Healthy Life Expectancy,0.3859495328439204,0.7962750540783174,0.2678107014812985,0.22319143248673684,0.016765140746026037,1.0,-0.6920612800365534
Corruption (Clean),0.042283088724525686,-0.39570323424987575,0.15511978112221825,-0.09027843512903229,-0.18923336298607496,-0.6920612800365534,1.0
