,Happiness Score,Social Support,Gdp Per Capita,Freedom Of Choice,Healthy Life Expectancy,Generosity,Corruption (Clean)
Happiness Score,1.0,0.7967901253857829,0.6885572394936321,0.5852539811334112,0.3859495328439204,0.09147886096759288,0.042283088724525686
Social Support,0.7967901253857829,1.0,0.5750840881606719,0.4503858179910163,0.2678107014812985,0.04189554120329541,0.15511978112221825
Gdp Per Capita,0.6885572394936321,0.5750840881606719,1.0,0.3601797932170294,0.7962750540783174,-0.04800366968517384,-0.39570323424987575
Freedom Of Choice,0.5852539811334112,0.4503858179910163,0.3601797932170294,1.0,0.22319143248673684,0.30167293407155804,-0.09027843512903229
Healthy Life Expectancy,0.3859495328439204,0.2678107014812985,0.7962750540783174,0.22319143248673684,1.0,0.016765140746026037,-0.6920612800365534
Generosity,0.09147886096759288,0.04189554120329541,-0.04800366968517384,0.30167293407155804,0.016765140746026037,1.0,-0.18923336298607496
Corruption (Clean),0.042283088724525686,0.15511978112221825,-0.39570323424987575,-0.09027843512903229,-0.6920612800365534,-0.18923336298607496,1.0
