,Happiness Score,Gdp Per Capita,Social Support,Freedom Of Choice,Generosity,Healthy Life Expectancy,Corruption (Clean)
Happiness Score,1.0,0.37170724881435724,0.8280064815652621,0.5959395791520761,0.06110899422466158,0.07715082494697388,0.3691072663755644
Gdp Per Capita,0.37170724881435724,1.0,0.27821112593180314,0.42894191277605204,-0.18408889236990333,0.8760403365866424,-0.47748440611684984
Social Support,0.8280064815652621,0.27821112593180314,1.0,0.44835792011767456,0.07281095075726747,-0.007811490287372103,0.3288790521541276
Freedom Of Choice,0.5959395791520761,0.42894191277605204,0.44835792011767456,1.0,0.14819515566322075,0.3093743767009208,-0.01709380494574869
Generosity,0.06110899422466158,-0.18408889236990333,0.07281095075726747,0.14819515566322075,1.0,-0.11970509555735111,0.05981945448732399
Healthy Life Expectancy,0.07715082494697388,0.8760403365866424,-0.007811490287372103,0.3093743767009208,-0.11970509555735111,1.0,-0.7357113631580787
Corruption (Clean),0.3691072663755644,-0.47748440611684984,0.3288790521541276,-0.01709380494574869,0.05981945448732399,-0.7357113631580787,1.0
