,Happiness Score,Gdp Per Capita,Social Support,Freedom Of Choice,Generosity,Healthy Life Expectancy,Corruption (Clean)
Happiness Score,1.0,0.8091231745739994,0.7682343756811737,0.5206106219520306,0.18580108517720714,0.7769733695091725,-0.5464561777138963
Gdp Per Capita,0.8091231745739994,1.0,0.7184822766372021,0.32503458701996873,-0.013600575440812413,0.8426842522498912,-0.4176793383806526
Social Support,0.7682343756811737,0.7184822766372021,1.0,0.402935571360715,0.09962372270957419,0.6819677331646111,-0.3074006094996424
Freedom Of Choice,0.5206106219520306,0.32503458701996873,0.402935571360715,1.0,0.38779911238061043,0.30703377372004187,-0.5218481650691018
Generosity,0.18580108517720714,-0.013600575440812413,0.09962372270957419,0.38779911238061043,1.0,0.03217958564715958,-0.34747366981884026
Healthy Life Expectancy,0.7769733695091725,0.8426842522498912,0.6819677331646111,0.30703377372004187,0.03217958564715958,1.0,-0.3630443022119972
Corruption (Clean),-0.5464561777138963,-0.4176793383806526,-0.3074006094996424,-0.5218481650691018,-0.34747366981884026,-0.3630443022119972,1.0
